{
  "name": "ezcord-highcontrast",
  "type": "dark",
  "colors": {
    "editor.background": "#000000",
    "editor.foreground": "#ffffff",
    "editorLineNumber.foreground": "#4a4d52",
    "editorLineNumber.activeForeground": "#00ff00",
    "editor.selectionBackground": "#00ff0070",
    "editor.inactiveSelectionBackground": "#3a3d42",
    "editor.lineHighlightBackground": "#1a1d22",
    "editorCursor.foreground": "#00ff00",
    "editor.findMatchBackground": "#ff00ffb0",
    "editor.findMatchHighlightBackground": "#ff00ff60",
    "editorWhitespace.foreground": "#3a3d42",
    "editorIndentGuide.background": "#2a2d32",
    "editorIndentGuide.activeBackground": "#00ff0080",
    "editorRuler.foreground": "#2a2d32",
    "editorWidget.background": "#000000",
    "editorWidget.border": "#00ff00",
    "editorSuggestWidget.background": "#000000",
    "editorSuggestWidget.border": "#00ff00",
    "editorSuggestWidget.selectedBackground": "#00ff0050",
    "editorSuggestWidget.highlightForeground": "#00ff00",
    "editorHoverWidget.background": "#000000",
    "editorHoverWidget.border": "#00ff00",
    "activityBar.background": "#000000",
    "activityBar.foreground": "#00ff00",
    "activityBar.inactiveForeground": "#00ff0080",
    "activityBar.activeBorder": "#00ff00",
    "activityBar.border": "#00ff00",
    "activityBarBadge.background": "#ff00ff",
    "activityBarBadge.foreground": "#000000",
    "sideBar.background": "#000000",
    "sideBar.foreground": "#ffffff",
    "sideBar.border": "#00ff00",
    "sideBarTitle.foreground": "#00ff00",
    "sideBarSectionHeader.background": "#000000",
    "sideBarSectionHeader.foreground": "#00ff00",
    "sideBarSectionHeader.border": "#00ff00",
    "list.activeSelectionBackground": "#00ff0050",
    "list.activeSelectionForeground": "#ffffff",
    "list.inactiveSelectionBackground": "#3a3d42",
    "list.hoverBackground": "#2a2d32",
    "list.highlightForeground": "#00ff00",
    "statusBar.background": "#000000",
    "statusBar.foreground": "#00ff00",
    "statusBar.border": "#00ff00",
    "statusBar.noFolderBackground": "#000000",
    "statusBar.debuggingBackground": "#ff00ff",
    "statusBar.debuggingForeground": "#000000",
    "titleBar.activeBackground": "#000000",
    "titleBar.activeForeground": "#00ff00",
    "titleBar.inactiveBackground": "#000000",
    "titleBar.inactiveForeground": "#6a6d72",
    "titleBar.border": "#00ff00",
    "tab.activeBackground": "#000000",
    "tab.inactiveBackground": "#000000",
    "tab.activeForeground": "#00ff00",
    "tab.inactiveForeground": "#6a6d72",
    "tab.border": "#00ff00",
    "tab.activeBorder": "#00ff00",
    "tab.activeBorderTop": "#00ff00",
    "tab.hoverBackground": "#1a1d22",
    "tab.unfocusedActiveBorder": "#6a6d72",
    "panel.background": "#000000",
    "panel.border": "#00ff00",
    "panelTitle.activeForeground": "#00ff00",
    "panelTitle.inactiveForeground": "#6a6d72",
    "panelTitle.activeBorder": "#00ff00",
    "terminal.background": "#000000",
    "terminal.foreground": "#ffffff",
    "terminal.selectionBackground": "#00ff0070",
    "terminal.ansiBlack": "#000000",
    "terminal.ansiRed": "#ff0000",
    "terminal.ansiGreen": "#00ff00",
    "terminal.ansiYellow": "#ffff00",
    "terminal.ansiBlue": "#0000ff",
    "terminal.ansiMagenta": "#ff00ff",
    "terminal.ansiCyan": "#00ffff",
    "terminal.ansiWhite": "#ffffff",
    "terminal.ansiBrightBlack": "#808080",
    "terminal.ansiBrightRed": "#ff0000",
    "terminal.ansiBrightGreen": "#00ff00",
    "terminal.ansiBrightYellow": "#ffff00",
    "terminal.ansiBrightBlue": "#0000ff",
    "terminal.ansiBrightMagenta": "#ff00ff",
    "terminal.ansiBrightCyan": "#00ffff",
    "terminal.ansiBrightWhite": "#ffffff",
    "input.background": "#000000",
    "input.foreground": "#ffffff",
    "input.border": "#00ff00",
    "input.placeholderForeground": "#6a6d72",
    "inputOption.activeBorder": "#00ff00",
    "inputOption.activeBackground": "#00ff0050",
    "dropdown.background": "#000000",
    "dropdown.border": "#00ff00",
    "dropdown.foreground": "#ffffff",
    "button.background": "#00ff00",
    "button.foreground": "#000000",
    "button.hoverBackground": "#00ff00",
    "button.secondaryBackground": "#3a3d42",
    "button.secondaryForeground": "#ffffff",
    "button.secondaryHoverBackground": "#4a4d52",
    "badge.background": "#ff00ff",
    "badge.foreground": "#000000",
    "scrollbarSlider.background": "#00ff0060",
    "scrollbarSlider.hoverBackground": "#00ff0080",
    "scrollbarSlider.activeBackground": "#00ff00a0",
    "editorBracketMatch.background": "#00ff0060",
    "editorBracketMatch.border": "#00ff00",
    "editorError.foreground": "#ff0000",
    "editorWarning.foreground": "#ffff00",
    "editorInfo.foreground": "#00ffff",
    "editorHint.foreground": "#00ff00",
    "gitDecoration.modifiedResourceForeground": "#ffff00",
    "gitDecoration.deletedResourceForeground": "#ff0000",
    "gitDecoration.untrackedResourceForeground": "#00ff00",
    "gitDecoration.ignoredResourceForeground": "#808080",
    "gitDecoration.conflictingResourceForeground": "#ff00ff",
    "breadcrumb.foreground": "#6a6d72",
    "breadcrumb.focusForeground": "#00ff00",
    "breadcrumb.activeSelectionForeground": "#00ff00",
    "breadcrumbPicker.background": "#000000",
    "menu.background": "#000000",
    "menu.foreground": "#ffffff",
    "menu.selectionBackground": "#00ff0060",
    "menu.selectionForeground": "#ffffff",
    "menu.separatorBackground": "#00ff00",
    "menubar.selectionBackground": "#00ff0060",
    "menubar.selectionForeground": "#ffffff",
    "notificationCenter.border": "#00ff00",
    "notificationCenterHeader.background": "#000000",
    "notifications.background": "#000000",
    "notifications.border": "#00ff00",
    "notificationLink.foreground": "#00ff00",
    "peekView.border": "#00ff00",
    "peekViewEditor.background": "#000000",
    "peekViewResult.background": "#000000",
    "peekViewTitle.background": "#000000",
    "focusBorder": "#00ff00",
    "editorGroup.border": "#00ff00",
    "editorGroupHeader.tabsBackground": "#000000",
    "editorGroupHeader.tabsBorder": "#00ff00"
  },
  "tokenColors": [
    {
      "name": "Comment",
      "scope": ["comment", "punctuation.definition.comment"],
      "settings": {
        "foreground": "#808080",
        "fontStyle": "italic"
      }
    },
    {
      "name": "String",
      "scope": ["string", "string.quoted"],
      "settings": {
        "foreground": "#00ff00"
      }
    },
    {
      "name": "Number",
      "scope": ["constant.numeric"],
      "settings": {
        "foreground": "#ffff00"
      }
    },
    {
      "name": "Boolean",
      "scope": ["constant.language.boolean"],
      "settings": {
        "foreground": "#ff00ff",
        "fontStyle": "bold"
      }
    },
    {
      "name": "Keyword",
      "scope": ["keyword", "keyword.control"],
      "settings": {
        "foreground": "#ff00ff",
        "fontStyle": "bold"
      }
    },
    {
      "name": "Function",
      "scope": ["entity.name.function", "support.function"],
      "settings": {
        "foreground": "#00ffff",
        "fontStyle": "bold"
      }
    },
    {
      "name": "Class",
      "scope": ["entity.name.class", "support.class"],
      "settings": {
        "foreground": "#ffff00",
        "fontStyle": "bold"
      }
    },
    {
      "name": "Variable",
      "scope": ["variable"],
      "settings": {
        "foreground": "#ffffff"
      }
    }
  ]
}
