{
  "name": "ezcord",
  "type": "dark",
  "colors": {
    "editor.background": "#0d0e10",
    "editor.foreground": "#e3e5e8",
    "editorLineNumber.foreground": "#3a3d42",
    "editorLineNumber.activeForeground": "#57f287",
    "editor.selectionBackground": "#57f28750",
    "editor.inactiveSelectionBackground": "#2a2d32",
    "editor.lineHighlightBackground": "#16181c",
    "editorCursor.foreground": "#00ff88",
    "editor.findMatchBackground": "#ff007790",
    "editor.findMatchHighlightBackground": "#ff007740",
    "editorWhitespace.foreground": "#2a2d32",
    "editorIndentGuide.background": "#1a1d22",
    "editorIndentGuide.activeBackground": "#57f28760",
    "editorRuler.foreground": "#1a1d22",
    "editorWidget.background": "#0a0b0d",
    "editorWidget.border": "#00ff8860",
    "editorSuggestWidget.background": "#0a0b0d",
    "editorSuggestWidget.border": "#00ff8860",
    "editorSuggestWidget.selectedBackground": "#57f28730",
    "editorSuggestWidget.highlightForeground": "#00ff88",
    "editorHoverWidget.background": "#0a0b0d",
    "editorHoverWidget.border": "#00ff8860",
    "activityBar.background": "#0a0b0d",
    "activityBar.foreground": "#00ff88",
    "activityBar.inactiveForeground": "#00ff8870",
    "activityBar.activeBorder": "#00ff88",
    "activityBar.border": "#16181c",
    "activityBarBadge.background": "#ff0077",
    "activityBarBadge.foreground": "#ffffff",
    "sideBar.background": "#0d0e10",
    "sideBar.foreground": "#b8bcc2",
    "sideBar.border": "#16181c",
    "sideBarTitle.foreground": "#00ff88",
    "sideBarSectionHeader.background": "#0a0b0d",
    "sideBarSectionHeader.foreground": "#00ff88",
    "sideBarSectionHeader.border": "#00ff8840",
    "list.activeSelectionBackground": "#00ff8830",
    "list.activeSelectionForeground": "#ffffff",
    "list.inactiveSelectionBackground": "#2a2d32",
    "list.hoverBackground": "#16181c",
    "list.highlightForeground": "#00ff88",
    "statusBar.background": "#0a0b0d",
    "statusBar.foreground": "#00ff88",
    "statusBar.border": "#00ff8840",
    "statusBar.noFolderBackground": "#0a0b0d",
    "statusBar.debuggingBackground": "#ff0077",
    "statusBar.debuggingForeground": "#ffffff",
    "titleBar.activeBackground": "#0a0b0d",
    "titleBar.activeForeground": "#00ff88",
    "titleBar.inactiveBackground": "#0a0b0d",
    "titleBar.inactiveForeground": "#3a3d42",
    "titleBar.border": "#16181c",
    "tab.activeBackground": "#0d0e10",
    "tab.inactiveBackground": "#0a0b0d",
    "tab.activeForeground": "#00ff88",
    "tab.inactiveForeground": "#6a6d72",
    "tab.border": "#0a0b0d",
    "tab.activeBorder": "#00ff88",
    "tab.activeBorderTop": "#00ff88",
    "tab.hoverBackground": "#16181c",
    "tab.unfocusedActiveBorder": "#3a3d42",
    "panel.background": "#0d0e10",
    "panel.border": "#00ff8840",
    "panelTitle.activeForeground": "#00ff88",
    "panelTitle.inactiveForeground": "#6a6d72",
    "panelTitle.activeBorder": "#00ff88",
    "terminal.background": "#0d0e10",
    "terminal.foreground": "#e3e5e8",
    "terminal.selectionBackground": "#00ff8850",
    "terminal.ansiBlack": "#0d0e10",
    "terminal.ansiRed": "#ff0077",
    "terminal.ansiGreen": "#00ff88",
    "terminal.ansiYellow": "#ffaa00",
    "terminal.ansiBlue": "#00ddff",
    "terminal.ansiMagenta": "#ff00ff",
    "terminal.ansiCyan": "#00ffff",
    "terminal.ansiWhite": "#e3e5e8",
    "terminal.ansiBrightBlack": "#3a3d42",
    "terminal.ansiBrightRed": "#ff3399",
    "terminal.ansiBrightGreen": "#33ffaa",
    "terminal.ansiBrightYellow": "#ffcc33",
    "terminal.ansiBrightBlue": "#33eeff",
    "terminal.ansiBrightMagenta": "#ff33ff",
    "terminal.ansiBrightCyan": "#33ffff",
    "terminal.ansiBrightWhite": "#ffffff",
    "input.background": "#0a0b0d",
    "input.foreground": "#e3e5e8",
    "input.border": "#00ff8860",
    "input.placeholderForeground": "#3a3d42",
    "inputOption.activeBorder": "#00ff88",
    "inputOption.activeBackground": "#00ff8830",
    "dropdown.background": "#0a0b0d",
    "dropdown.border": "#00ff8860",
    "dropdown.foreground": "#e3e5e8",
    "button.background": "#00ff88",
    "button.foreground": "#0a0b0d",
    "button.hoverBackground": "#33ffaa",
    "button.secondaryBackground": "#2a2d32",
    "button.secondaryForeground": "#e3e5e8",
    "button.secondaryHoverBackground": "#3a3d42",
    "badge.background": "#ff0077",
    "badge.foreground": "#ffffff",
    "scrollbarSlider.background": "#00ff8840",
    "scrollbarSlider.hoverBackground": "#00ff8860",
    "scrollbarSlider.activeBackground": "#00ff8880",
    "editorBracketMatch.background": "#00ff8840",
    "editorBracketMatch.border": "#00ff88",
    "editorError.foreground": "#ff0077",
    "editorWarning.foreground": "#ffaa00",
    "editorInfo.foreground": "#00ddff",
    "editorHint.foreground": "#00ff88",
    "gitDecoration.modifiedResourceForeground": "#ffaa00",
    "gitDecoration.deletedResourceForeground": "#ff0077",
    "gitDecoration.untrackedResourceForeground": "#00ff88",
    "gitDecoration.ignoredResourceForeground": "#3a3d42",
    "gitDecoration.conflictingResourceForeground": "#ff00ff",
    "breadcrumb.foreground": "#6a6d72",
    "breadcrumb.focusForeground": "#00ff88",
    "breadcrumb.activeSelectionForeground": "#00ff88",
    "breadcrumbPicker.background": "#0a0b0d",
    "menu.background": "#0a0b0d",
    "menu.foreground": "#e3e5e8",
    "menu.selectionBackground": "#00ff8840",
    "menu.selectionForeground": "#ffffff",
    "menu.separatorBackground": "#00ff8840",
    "menubar.selectionBackground": "#00ff8840",
    "menubar.selectionForeground": "#ffffff",
    "notificationCenter.border": "#00ff8860",
    "notificationCenterHeader.background": "#0a0b0d",
    "notifications.background": "#0a0b0d",
    "notifications.border": "#00ff8860",
    "notificationLink.foreground": "#00ff88",
    "peekView.border": "#00ff88",
    "peekViewEditor.background": "#0a0b0d",
    "peekViewResult.background": "#0a0b0d",
    "peekViewTitle.background": "#0a0b0d",
    "focusBorder": "#00ff8860",
    "editorGroup.border": "#00ff8840",
    "editorGroupHeader.tabsBackground": "#0a0b0d",
    "editorGroupHeader.tabsBorder": "#16181c"
  },
  "tokenColors": [
    {
      "name": "Comment",
      "scope": ["comment", "punctuation.definition.comment"],
      "settings": {
        "foreground": "#5a5d62",
        "fontStyle": "italic"
      }
    },
    {
      "name": "String",
      "scope": ["string", "string.quoted"],
      "settings": {
        "foreground": "#00ff88"
      }
    },
    {
      "name": "Template String",
      "scope": ["string.template"],
      "settings": {
        "foreground": "#33ffaa"
      }
    },
    {
      "name": "Number",
      "scope": ["constant.numeric"],
      "settings": {
        "foreground": "#ffaa00"
      }
    },
    {
      "name": "Boolean",
      "scope": ["constant.language.boolean"],
      "settings": {
        "foreground": "#ff0077",
        "fontStyle": "bold"
      }
    },
    {
      "name": "Constant",
      "scope": ["constant.language", "constant.character"],
      "settings": {
        "foreground": "#ff0077"
      }
    },
    {
      "name": "Keyword",
      "scope": ["keyword", "keyword.control"],
      "settings": {
        "foreground": "#ff0077",
        "fontStyle": "bold"
      }
    },
    {
      "name": "Storage",
      "scope": ["storage", "storage.type", "storage.modifier"],
      "settings": {
        "foreground": "#ff00ff",
        "fontStyle": "bold"
      }
    },
    {
      "name": "Operator",
      "scope": ["keyword.operator"],
      "settings": {
        "foreground": "#ff0077"
      }
    },
    {
      "name": "Function",
      "scope": ["entity.name.function", "support.function"],
      "settings": {
        "foreground": "#00ddff",
        "fontStyle": "bold"
      }
    },
    {
      "name": "Class",
      "scope": ["entity.name.class", "support.class", "entity.name.type.class"],
      "settings": {
        "foreground": "#ffaa00",
        "fontStyle": "bold"
      }
    },
    {
      "name": "Type",
      "scope": ["entity.name.type", "support.type"],
      "settings": {
        "foreground": "#00ddff"
      }
    },
    {
      "name": "Variable",
      "scope": ["variable", "variable.other", "variable.parameter"],
      "settings": {
        "foreground": "#e3e5e8"
      }
    },
    {
      "name": "Variable Language (self, this)",
      "scope": ["variable.language"],
      "settings": {
        "foreground": "#ff00ff",
        "fontStyle": "italic bold"
      }
    },
    {
      "name": "Decorator",
      "scope": ["meta.decorator", "entity.name.function.decorator", "punctuation.definition.decorator"],
      "settings": {
        "foreground": "#ff00ff",
        "fontStyle": "bold"
      }
    },
    {
      "name": "Import",
      "scope": ["keyword.control.import", "keyword.control.from"],
      "settings": {
        "foreground": "#ff0077"
      }
    },
    {
      "name": "Tag",
      "scope": ["entity.name.tag"],
      "settings": {
        "foreground": "#ff0077"
      }
    },
    {
      "name": "Attribute",
      "scope": ["entity.other.attribute-name"],
      "settings": {
        "foreground": "#ffaa00"
      }
    },
    {
      "name": "Punctuation",
      "scope": ["punctuation"],
      "settings": {
        "foreground": "#8a8d92"
      }
    },
    {
      "name": "Invalid",
      "scope": ["invalid", "invalid.illegal"],
      "settings": {
        "foreground": "#ff0077",
        "fontStyle": "bold underline"
      }
    },
    {
      "name": "Support",
      "scope": ["support.constant", "support.variable"],
      "settings": {
        "foreground": "#ffaa00"
      }
    },
    {
      "name": "JSON Key",
      "scope": ["support.type.property-name.json"],
      "settings": {
        "foreground": "#00ddff"
      }
    },
    {
      "name": "Markdown Heading",
      "scope": ["markup.heading"],
      "settings": {
        "foreground": "#00ff88",
        "fontStyle": "bold"
      }
    },
    {
      "name": "Markdown Bold",
      "scope": ["markup.bold"],
      "settings": {
        "foreground": "#ffaa00",
        "fontStyle": "bold"
      }
    },
    {
      "name": "Markdown Italic",
      "scope": ["markup.italic"],
      "settings": {
        "foreground": "#ff00ff",
        "fontStyle": "italic"
      }
    },
    {
      "name": "Markdown Code",
      "scope": ["markup.inline.raw", "markup.fenced_code"],
      "settings": {
        "foreground": "#00ff88",
        "background": "#0a0b0d60"
      }
    },
    {
      "name": "Markdown Link",
      "scope": ["markup.underline.link"],
      "settings": {
        "foreground": "#00ddff",
        "fontStyle": "underline"
      }
    }
  ]
}